BEGIN TRANSACTION;
CREATE TABLE "auth_group" ("id" integer NOT NULL PRIMARY KEY AUTOINCREMENT, "name" varchar(150) NOT NULL UNIQUE);
CREATE TABLE "auth_group_permissions" ("id" integer NOT NULL PRIMARY KEY AUTOINCREMENT, "group_id" integer NOT NULL REFERENCES "auth_group" ("id") DEFERRABLE INITIALLY DEFERRED, "permission_id" integer NOT NULL REFERENCES "auth_permission" ("id") DEFERRABLE INITIALLY DEFERRED);
CREATE TABLE "auth_permission" ("id" integer NOT NULL PRIMARY KEY AUTOINCREMENT, "content_type_id" integer NOT NULL REFERENCES "django_content_type" ("id") DEFERRABLE INITIALLY DEFERRED, "codename" varchar(100) NOT NULL, "name" varchar(255) NOT NULL);
INSERT INTO "auth_permission" VALUES(1,1,'add_logentry','Can add log entry');
INSERT INTO "auth_permission" VALUES(2,1,'change_logentry','Can change log entry');
INSERT INTO "auth_permission" VALUES(3,1,'delete_logentry','Can delete log entry');
INSERT INTO "auth_permission" VALUES(4,1,'view_logentry','Can view log entry');
INSERT INTO "auth_permission" VALUES(5,2,'add_permission','Can add permission');
INSERT INTO "auth_permission" VALUES(6,2,'change_permission','Can change permission');
INSERT INTO "auth_permission" VALUES(7,2,'delete_permission','Can delete permission');
INSERT INTO "auth_permission" VALUES(8,2,'view_permission','Can view permission');
INSERT INTO "auth_permission" VALUES(9,3,'add_group','Can add group');
INSERT INTO "auth_permission" VALUES(10,3,'change_group','Can change group');
INSERT INTO "auth_permission" VALUES(11,3,'delete_group','Can delete group');
INSERT INTO "auth_permission" VALUES(12,3,'view_group','Can view group');
INSERT INTO "auth_permission" VALUES(13,4,'add_user','Can add user');
INSERT INTO "auth_permission" VALUES(14,4,'change_user','Can change user');
INSERT INTO "auth_permission" VALUES(15,4,'delete_user','Can delete user');
INSERT INTO "auth_permission" VALUES(16,4,'view_user','Can view user');
INSERT INTO "auth_permission" VALUES(17,5,'add_contenttype','Can add content type');
INSERT INTO "auth_permission" VALUES(18,5,'change_contenttype','Can change content type');
INSERT INTO "auth_permission" VALUES(19,5,'delete_contenttype','Can delete content type');
INSERT INTO "auth_permission" VALUES(20,5,'view_contenttype','Can view content type');
INSERT INTO "auth_permission" VALUES(21,6,'add_session','Can add session');
INSERT INTO "auth_permission" VALUES(22,6,'change_session','Can change session');
INSERT INTO "auth_permission" VALUES(23,6,'delete_session','Can delete session');
INSERT INTO "auth_permission" VALUES(24,6,'view_session','Can view session');
INSERT INTO "auth_permission" VALUES(25,7,'add_clinicalrecord','Can add clinical record');
INSERT INTO "auth_permission" VALUES(26,7,'change_clinicalrecord','Can change clinical record');
INSERT INTO "auth_permission" VALUES(27,7,'delete_clinicalrecord','Can delete clinical record');
INSERT INTO "auth_permission" VALUES(28,7,'view_clinicalrecord','Can view clinical record');
INSERT INTO "auth_permission" VALUES(29,8,'add_clinicaldocument','Can add clinical document');
INSERT INTO "auth_permission" VALUES(30,8,'change_clinicaldocument','Can change clinical document');
INSERT INTO "auth_permission" VALUES(31,8,'delete_clinicaldocument','Can delete clinical document');
INSERT INTO "auth_permission" VALUES(32,8,'view_clinicaldocument','Can view clinical document');
INSERT INTO "auth_permission" VALUES(33,9,'add_imagingstudy','Can add imaging study');
INSERT INTO "auth_permission" VALUES(34,9,'change_imagingstudy','Can change imaging study');
INSERT INTO "auth_permission" VALUES(35,9,'delete_imagingstudy','Can delete imaging study');
INSERT INTO "auth_permission" VALUES(36,9,'view_imagingstudy','Can view imaging study');
INSERT INTO "auth_permission" VALUES(37,10,'add_manualreview','Can add manual review');
INSERT INTO "auth_permission" VALUES(38,10,'change_manualreview','Can change manual review');
INSERT INTO "auth_permission" VALUES(39,10,'delete_manualreview','Can delete manual review');
INSERT INTO "auth_permission" VALUES(40,10,'view_manualreview','Can view manual review');
INSERT INTO "auth_permission" VALUES(41,11,'add_recordrelationship','Can add record relationship');
INSERT INTO "auth_permission" VALUES(42,11,'change_recordrelationship','Can change record relationship');
INSERT INTO "auth_permission" VALUES(43,11,'delete_recordrelationship','Can delete record relationship');
INSERT INTO "auth_permission" VALUES(44,11,'view_recordrelationship','Can view record relationship');
INSERT INTO "auth_permission" VALUES(45,12,'add_reviewerprofile','Can add reviewer profile');
INSERT INTO "auth_permission" VALUES(46,12,'change_reviewerprofile','Can change reviewer profile');
INSERT INTO "auth_permission" VALUES(47,12,'delete_reviewerprofile','Can delete reviewer profile');
INSERT INTO "auth_permission" VALUES(48,12,'view_reviewerprofile','Can view reviewer profile');
INSERT INTO "auth_permission" VALUES(49,13,'add_sharetoken','Can add share token');
INSERT INTO "auth_permission" VALUES(50,13,'change_sharetoken','Can change share token');
INSERT INTO "auth_permission" VALUES(51,13,'delete_sharetoken','Can delete share token');
INSERT INTO "auth_permission" VALUES(52,13,'view_sharetoken','Can view share token');
CREATE TABLE "auth_user" ("id" integer NOT NULL PRIMARY KEY AUTOINCREMENT, "password" varchar(128) NOT NULL, "last_login" datetime NULL, "is_superuser" bool NOT NULL, "username" varchar(150) NOT NULL UNIQUE, "last_name" varchar(150) NOT NULL, "email" varchar(254) NOT NULL, "is_staff" bool NOT NULL, "is_active" bool NOT NULL, "date_joined" datetime NOT NULL, "first_name" varchar(150) NOT NULL);
INSERT INTO "auth_user" VALUES(1,'!cI2XA7ykmJMC2kPz9a5gnd5t2clFHR6bwzVFa1v9',NULL,1,'admin','','admin@example.com',1,1,'2025-08-18 05:15:55.505698','');
INSERT INTO "auth_user" VALUES(2,'pbkdf2_sha256$870000$Y4uf9gZsjS1VCifQeEcxqC$21lhlI3ssJZA2cV58HCvePPxp8Y0Z1aS1nK58tinds8=','2025-08-22 01:45:34.725069',1,'chandchv','','chandchv@gmail.com',1,1,'2025-08-18 10:33:11','');
INSERT INTO "auth_user" VALUES(3,'pbkdf2_sha256$870000$BVG1do4kzWQbLwcs5aGxbS$fzpEc1igK4RYtVadG6lUSBEwiZ3NZFC8hUI12OPancE=','2025-08-21 13:25:08.102840',1,'admin1','','admin1@gmail.com',1,1,'2025-08-21 10:42:23.369071','');
CREATE TABLE "auth_user_groups" ("id" integer NOT NULL PRIMARY KEY AUTOINCREMENT, "user_id" integer NOT NULL REFERENCES "auth_user" ("id") DEFERRABLE INITIALLY DEFERRED, "group_id" integer NOT NULL REFERENCES "auth_group" ("id") DEFERRABLE INITIALLY DEFERRED);
CREATE TABLE "auth_user_user_permissions" ("id" integer NOT NULL PRIMARY KEY AUTOINCREMENT, "user_id" integer NOT NULL REFERENCES "auth_user" ("id") DEFERRABLE INITIALLY DEFERRED, "permission_id" integer NOT NULL REFERENCES "auth_permission" ("id") DEFERRABLE INITIALLY DEFERRED);
INSERT INTO "auth_user_user_permissions" VALUES(1,2,1);
INSERT INTO "auth_user_user_permissions" VALUES(2,2,2);
INSERT INTO "auth_user_user_permissions" VALUES(3,2,3);
INSERT INTO "auth_user_user_permissions" VALUES(4,2,4);
INSERT INTO "auth_user_user_permissions" VALUES(5,2,5);
INSERT INTO "auth_user_user_permissions" VALUES(6,2,6);
INSERT INTO "auth_user_user_permissions" VALUES(7,2,7);
INSERT INTO "auth_user_user_permissions" VALUES(8,2,8);
INSERT INTO "auth_user_user_permissions" VALUES(9,2,9);
INSERT INTO "auth_user_user_permissions" VALUES(10,2,10);
INSERT INTO "auth_user_user_permissions" VALUES(11,2,11);
INSERT INTO "auth_user_user_permissions" VALUES(12,2,12);
INSERT INTO "auth_user_user_permissions" VALUES(13,2,13);
INSERT INTO "auth_user_user_permissions" VALUES(14,2,14);
INSERT INTO "auth_user_user_permissions" VALUES(15,2,15);
INSERT INTO "auth_user_user_permissions" VALUES(16,2,16);
INSERT INTO "auth_user_user_permissions" VALUES(17,2,17);
INSERT INTO "auth_user_user_permissions" VALUES(18,2,18);
INSERT INTO "auth_user_user_permissions" VALUES(19,2,19);
INSERT INTO "auth_user_user_permissions" VALUES(20,2,20);
INSERT INTO "auth_user_user_permissions" VALUES(21,2,21);
INSERT INTO "auth_user_user_permissions" VALUES(22,2,22);
INSERT INTO "auth_user_user_permissions" VALUES(23,2,23);
INSERT INTO "auth_user_user_permissions" VALUES(24,2,24);
INSERT INTO "auth_user_user_permissions" VALUES(25,2,25);
INSERT INTO "auth_user_user_permissions" VALUES(26,2,26);
INSERT INTO "auth_user_user_permissions" VALUES(27,2,27);
INSERT INTO "auth_user_user_permissions" VALUES(28,2,28);
INSERT INTO "auth_user_user_permissions" VALUES(29,2,29);
INSERT INTO "auth_user_user_permissions" VALUES(30,2,30);
INSERT INTO "auth_user_user_permissions" VALUES(31,2,31);
INSERT INTO "auth_user_user_permissions" VALUES(32,2,32);
INSERT INTO "auth_user_user_permissions" VALUES(33,2,33);
INSERT INTO "auth_user_user_permissions" VALUES(34,2,34);
INSERT INTO "auth_user_user_permissions" VALUES(35,2,35);
INSERT INTO "auth_user_user_permissions" VALUES(36,2,36);
INSERT INTO "auth_user_user_permissions" VALUES(37,2,37);
INSERT INTO "auth_user_user_permissions" VALUES(38,2,38);
INSERT INTO "auth_user_user_permissions" VALUES(39,2,39);
INSERT INTO "auth_user_user_permissions" VALUES(40,2,40);
INSERT INTO "auth_user_user_permissions" VALUES(41,2,41);
INSERT INTO "auth_user_user_permissions" VALUES(42,2,42);
INSERT INTO "auth_user_user_permissions" VALUES(43,2,43);
INSERT INTO "auth_user_user_permissions" VALUES(44,2,44);
INSERT INTO "auth_user_user_permissions" VALUES(45,2,45);
INSERT INTO "auth_user_user_permissions" VALUES(46,2,46);
INSERT INTO "auth_user_user_permissions" VALUES(47,2,47);
INSERT INTO "auth_user_user_permissions" VALUES(48,2,48);
INSERT INTO "auth_user_user_permissions" VALUES(49,2,49);
INSERT INTO "auth_user_user_permissions" VALUES(50,2,50);
INSERT INTO "auth_user_user_permissions" VALUES(51,2,51);
INSERT INTO "auth_user_user_permissions" VALUES(52,2,52);
CREATE TABLE "clinical_documents" ("tenant_id" integer NOT NULL, "id" char(32) NOT NULL PRIMARY KEY, "title" varchar(255) NOT NULL, "file_path" varchar(500) NOT NULL, "file_type" varchar(50) NOT NULL, "file_size" bigint NOT NULL, "mime_type" varchar(100) NOT NULL, "is_encrypted" bool NOT NULL, "is_processed" bool NOT NULL, "created_at" datetime NOT NULL, "updated_at" datetime NOT NULL, "created_by_id" integer NOT NULL REFERENCES "auth_user" ("id") DEFERRABLE INITIALLY DEFERRED, "clinical_record_id" char(32) NOT NULL REFERENCES "clinical_records" ("id") DEFERRABLE INITIALLY DEFERRED);
CREATE TABLE "clinical_records" ("tenant_id" integer NOT NULL, "id" char(32) NOT NULL PRIMARY KEY, "title" varchar(255) NOT NULL, "description" text NOT NULL, "record_type" varchar(100) NOT NULL, "status" varchar(50) NOT NULL, "priority" varchar(20) NOT NULL, "is_active" bool NOT NULL, "is_confidential" bool NOT NULL, "record_date" date NOT NULL, "created_at" datetime NOT NULL, "updated_at" datetime NOT NULL, "created_by_id" integer NOT NULL REFERENCES "auth_user" ("id") DEFERRABLE INITIALLY DEFERRED);
CREATE TABLE "django_admin_log" ("id" integer NOT NULL PRIMARY KEY AUTOINCREMENT, "object_id" text NULL, "object_repr" varchar(200) NOT NULL, "action_flag" smallint unsigned NOT NULL CHECK ("action_flag" >= 0), "change_message" text NOT NULL, "content_type_id" integer NULL REFERENCES "django_content_type" ("id") DEFERRABLE INITIALLY DEFERRED, "user_id" integer NOT NULL REFERENCES "auth_user" ("id") DEFERRABLE INITIALLY DEFERRED, "action_time" datetime NOT NULL);
INSERT INTO "django_admin_log" VALUES(1,'2','chandchv',2,'[{"changed": {"fields": ["User permissions"]}}]',4,3,'2025-08-21 10:43:14.296138');
INSERT INTO "django_admin_log" VALUES(2,'2','chandchv',2,'[{"changed": {"fields": ["password"]}}]',4,3,'2025-08-21 13:25:34.962546');
CREATE TABLE "django_content_type" ("id" integer NOT NULL PRIMARY KEY AUTOINCREMENT, "app_label" varchar(100) NOT NULL, "model" varchar(100) NOT NULL);
INSERT INTO "django_content_type" VALUES(1,'admin','logentry');
INSERT INTO "django_content_type" VALUES(2,'auth','permission');
INSERT INTO "django_content_type" VALUES(3,'auth','group');
INSERT INTO "django_content_type" VALUES(4,'auth','user');
INSERT INTO "django_content_type" VALUES(5,'contenttypes','contenttype');
INSERT INTO "django_content_type" VALUES(6,'sessions','session');
INSERT INTO "django_content_type" VALUES(7,'clinical_records','clinicalrecord');
INSERT INTO "django_content_type" VALUES(8,'clinical_records','clinicaldocument');
INSERT INTO "django_content_type" VALUES(9,'clinical_records','imagingstudy');
INSERT INTO "django_content_type" VALUES(10,'clinical_records','manualreview');
INSERT INTO "django_content_type" VALUES(11,'clinical_records','recordrelationship');
INSERT INTO "django_content_type" VALUES(12,'clinical_records','reviewerprofile');
INSERT INTO "django_content_type" VALUES(13,'clinical_records','sharetoken');
CREATE TABLE "django_migrations" ("id" integer NOT NULL PRIMARY KEY AUTOINCREMENT, "app" varchar(255) NOT NULL, "name" varchar(255) NOT NULL, "applied" datetime NOT NULL);
INSERT INTO "django_migrations" VALUES(1,'contenttypes','0001_initial','2025-08-18 05:15:47.608239');
INSERT INTO "django_migrations" VALUES(2,'auth','0001_initial','2025-08-18 05:15:47.652500');
INSERT INTO "django_migrations" VALUES(3,'admin','0001_initial','2025-08-18 05:15:47.688242');
INSERT INTO "django_migrations" VALUES(4,'admin','0002_logentry_remove_auto_add','2025-08-18 05:15:47.723754');
INSERT INTO "django_migrations" VALUES(5,'admin','0003_logentry_add_action_flag_choices','2025-08-18 05:15:47.739313');
INSERT INTO "django_migrations" VALUES(6,'contenttypes','0002_remove_content_type_name','2025-08-18 05:15:47.775016');
INSERT INTO "django_migrations" VALUES(7,'auth','0002_alter_permission_name_max_length','2025-08-18 05:15:47.803886');
INSERT INTO "django_migrations" VALUES(8,'auth','0003_alter_user_email_max_length','2025-08-18 05:15:47.825639');
INSERT INTO "django_migrations" VALUES(9,'auth','0004_alter_user_username_opts','2025-08-18 05:15:47.845447');
INSERT INTO "django_migrations" VALUES(10,'auth','0005_alter_user_last_login_null','2025-08-18 05:15:47.870118');
INSERT INTO "django_migrations" VALUES(11,'auth','0006_require_contenttypes_0002','2025-08-18 05:15:47.870118');
INSERT INTO "django_migrations" VALUES(12,'auth','0007_alter_validators_add_error_messages','2025-08-18 05:15:47.891070');
INSERT INTO "django_migrations" VALUES(13,'auth','0008_alter_user_username_max_length','2025-08-18 05:15:47.930082');
INSERT INTO "django_migrations" VALUES(14,'auth','0009_alter_user_last_name_max_length','2025-08-18 05:15:47.955696');
INSERT INTO "django_migrations" VALUES(15,'auth','0010_alter_group_name_max_length','2025-08-18 05:15:47.982373');
INSERT INTO "django_migrations" VALUES(16,'auth','0011_update_proxy_permissions','2025-08-18 05:15:48.001493');
INSERT INTO "django_migrations" VALUES(17,'auth','0012_alter_user_first_name_max_length','2025-08-18 05:15:48.021434');
INSERT INTO "django_migrations" VALUES(18,'clinical_records','0001_initial','2025-08-18 05:15:48.144643');
INSERT INTO "django_migrations" VALUES(19,'sessions','0001_initial','2025-08-18 05:15:48.162444');
CREATE TABLE "django_session" ("session_key" varchar(40) NOT NULL PRIMARY KEY, "session_data" text NOT NULL, "expire_date" datetime NOT NULL);
INSERT INTO "django_session" VALUES('7mss7tbaz1zkiv5kjnx918ekf0gtuvnx','.eJxVjEEOwiAQRe_C2hAoRTou3fcMZGYYbNVAUtqV8e7apAvd_vfef6mI2zrFrckS56QuqlOn342QH1J2kO5YblVzLesyk94VfdCmx5rkeT3cv4MJ2_StGZmM6TOH4KSXfEaCJNwDGRYB68MAFrxxQJA7dhCYXCcIYFkG9Or9AQ2-OKc:1unxBX:nLG5J3NXeMAMbZaJMOhjmk7VvTs5kSRZlB9hNzCLteU','2025-09-01 10:33:51.690584');
INSERT INTO "django_session" VALUES('wlin9j92etsg583v7xhjh4xm76k61ytp','.eJxVjEEOwiAQRe_C2hAoRTou3fcMZGYYbNVAUtqV8e7apAvd_vfef6mI2zrFrckS56QuqlOn342QH1J2kO5YblVzLesyk94VfdCmx5rkeT3cv4MJ2_StGZmM6TOH4KSXfEaCJNwDGRYB68MAFrxxQJA7dhCYXCcIYFkG9Or9AQ2-OKc:1uoJAM:cauRnZEjmC1nwTPgXNReuz5SZhB5XyelWDvcHSXCkFk','2025-09-02 10:02:06.494028');
INSERT INTO "django_session" VALUES('ehmysnmrpb38837qi1xzk670ghmt2khi','.eJxVjDsOwyAQBe9CHaHFBgwp0_sMaGGX4CQCyZ8qyt0jJBdJ-2bmvUXAYy_h2HgNC4mrGMXld4uYnlw7oAfWe5Op1X1douyKPOkm50b8up3u30HBrfQ6ezUQKINM2gNnp7S3ZqTJGDtYcFoP4BxkSMoTEFG2mByzGTlmnMTnC84uN9w:1up2kd:qyhTG0UNdFLZWA1jeHouv3JyMYengKFsyrGXhaowBSU','2025-09-04 10:42:35.182817');
INSERT INTO "django_session" VALUES('qwzkuu5121ruxvx5kbim8ucp1nc1t86y','.eJxVjDsOwjAQBe_iGlnrT8yakj5nsNbrDQ4gR8qnQtwdIqWA9s3Me6lE21rTtsicxqIuyqrT75aJH9J2UO7UbpPmqa3zmPWu6IMuup-KPK-H-3dQaanfmijYIOQDW2EWJjl3CA5LAfCGvIB3HRBGhohmcIQZYmcGjDlbdEG9P_bfN8Y:1up5IS:AW9k739082Gv61UBRtkgQVusDcwj3TpUqXCXwrlr2C8','2025-09-04 13:25:40.322735');
INSERT INTO "django_session" VALUES('5whrx4yatc2nym18uxhsd1kxmsxs2c6k','.eJxVjDsOwjAQBe_iGlnrT8yakj5nsNbrDQ4gR8qnQtwdIqWA9s3Me6lE21rTtsicxqIuyqrT75aJH9J2UO7UbpPmqa3zmPWu6IMuup-KPK-H-3dQaanfmijYIOQDW2EWJjl3CA5LAfCGvIB3HRBGhohmcIQZYmcGjDlbdEG9P_bfN8Y:1upGqU:T_4zoGQpp8iB9NqxDCMdO3Vd9bQADDbDAlJm9mYAYY4','2025-09-05 01:45:34.733484');
CREATE TABLE "imaging_studies" ("tenant_id" integer NOT NULL, "id" char(32) NOT NULL PRIMARY KEY, "study_type" varchar(100) NOT NULL, "modality" varchar(50) NOT NULL, "study_date" date NOT NULL, "study_description" text NOT NULL, "created_at" datetime NOT NULL, "clinical_record_id" char(32) NOT NULL REFERENCES "clinical_records" ("id") DEFERRABLE INITIALLY DEFERRED);
CREATE TABLE "manual_reviews" ("tenant_id" integer NOT NULL, "id" char(32) NOT NULL PRIMARY KEY, "status" varchar(50) NOT NULL, "priority" varchar(20) NOT NULL, "assigned_at" datetime NOT NULL, "completed_at" datetime NULL, "notes" text NOT NULL, "clinical_record_id" char(32) NOT NULL REFERENCES "clinical_records" ("id") DEFERRABLE INITIALLY DEFERRED, "reviewer_id" integer NOT NULL REFERENCES "auth_user" ("id") DEFERRABLE INITIALLY DEFERRED);
CREATE TABLE "record_relationships" ("tenant_id" integer NOT NULL, "id" char(32) NOT NULL PRIMARY KEY, "relationship_type" varchar(100) NOT NULL, "description" text NOT NULL, "created_at" datetime NOT NULL, "created_by_id" integer NOT NULL REFERENCES "auth_user" ("id") DEFERRABLE INITIALLY DEFERRED, "source_record_id" char(32) NOT NULL REFERENCES "clinical_records" ("id") DEFERRABLE INITIALLY DEFERRED, "target_record_id" char(32) NOT NULL REFERENCES "clinical_records" ("id") DEFERRABLE INITIALLY DEFERRED);
CREATE TABLE "reviewer_profiles" ("tenant_id" integer NOT NULL, "id" char(32) NOT NULL PRIMARY KEY, "specialization" varchar(100) NOT NULL, "max_daily_reviews" integer NOT NULL, "is_active" bool NOT NULL, "created_at" datetime NOT NULL, "user_id" integer NOT NULL UNIQUE REFERENCES "auth_user" ("id") DEFERRABLE INITIALLY DEFERRED);
CREATE TABLE "share_tokens" ("tenant_id" integer NOT NULL, "id" char(32) NOT NULL PRIMARY KEY, "token" varchar(255) NOT NULL UNIQUE, "expires_at" datetime NOT NULL, "is_active" bool NOT NULL, "access_count" integer NOT NULL, "created_at" datetime NOT NULL, "clinical_record_id" char(32) NOT NULL REFERENCES "clinical_records" ("id") DEFERRABLE INITIALLY DEFERRED, "created_by_id" integer NOT NULL REFERENCES "auth_user" ("id") DEFERRABLE INITIALLY DEFERRED);
CREATE UNIQUE INDEX "auth_group_permissions_group_id_permission_id_0cd325b0_uniq" ON "auth_group_permissions" ("group_id", "permission_id");
CREATE INDEX "auth_group_permissions_group_id_b120cbf9" ON "auth_group_permissions" ("group_id");
CREATE INDEX "auth_group_permissions_permission_id_84c5c92e" ON "auth_group_permissions" ("permission_id");
CREATE UNIQUE INDEX "auth_user_groups_user_id_group_id_94350c0c_uniq" ON "auth_user_groups" ("user_id", "group_id");
CREATE INDEX "auth_user_groups_user_id_6a12ed8b" ON "auth_user_groups" ("user_id");
CREATE INDEX "auth_user_groups_group_id_97559544" ON "auth_user_groups" ("group_id");
CREATE UNIQUE INDEX "auth_user_user_permissions_user_id_permission_id_14a6b632_uniq" ON "auth_user_user_permissions" ("user_id", "permission_id");
CREATE INDEX "auth_user_user_permissions_user_id_a95ead1b" ON "auth_user_user_permissions" ("user_id");
CREATE INDEX "auth_user_user_permissions_permission_id_1fbb5f2c" ON "auth_user_user_permissions" ("permission_id");
CREATE INDEX "django_admin_log_content_type_id_c4bce8eb" ON "django_admin_log" ("content_type_id");
CREATE INDEX "django_admin_log_user_id_c564eba6" ON "django_admin_log" ("user_id");
CREATE UNIQUE INDEX "django_content_type_app_label_model_76bd3d3b_uniq" ON "django_content_type" ("app_label", "model");
CREATE UNIQUE INDEX "auth_permission_content_type_id_codename_01ab375a_uniq" ON "auth_permission" ("content_type_id", "codename");
CREATE INDEX "auth_permission_content_type_id_2f476e4b" ON "auth_permission" ("content_type_id");
CREATE INDEX "clinical_records_created_by_id_a746ea5a" ON "clinical_records" ("created_by_id");
CREATE INDEX "clinical_documents_created_by_id_35d9b668" ON "clinical_documents" ("created_by_id");
CREATE INDEX "clinical_documents_clinical_record_id_cdc028de" ON "clinical_documents" ("clinical_record_id");
CREATE INDEX "imaging_studies_clinical_record_id_5800336c" ON "imaging_studies" ("clinical_record_id");
CREATE INDEX "manual_reviews_clinical_record_id_e26c4942" ON "manual_reviews" ("clinical_record_id");
CREATE INDEX "manual_reviews_reviewer_id_368d6938" ON "manual_reviews" ("reviewer_id");
CREATE INDEX "record_relationships_created_by_id_723da658" ON "record_relationships" ("created_by_id");
CREATE INDEX "record_relationships_source_record_id_3333441b" ON "record_relationships" ("source_record_id");
CREATE INDEX "record_relationships_target_record_id_28671fa8" ON "record_relationships" ("target_record_id");
CREATE INDEX "share_tokens_clinical_record_id_b26a03eb" ON "share_tokens" ("clinical_record_id");
CREATE INDEX "share_tokens_created_by_id_c67a7f42" ON "share_tokens" ("created_by_id");
CREATE INDEX "django_session_expire_date_a5c62663" ON "django_session" ("expire_date");
DELETE FROM "sqlite_sequence";
INSERT INTO "sqlite_sequence" VALUES('django_migrations',19);
INSERT INTO "sqlite_sequence" VALUES('django_admin_log',2);
INSERT INTO "sqlite_sequence" VALUES('django_content_type',13);
INSERT INTO "sqlite_sequence" VALUES('auth_permission',52);
INSERT INTO "sqlite_sequence" VALUES('auth_group',0);
INSERT INTO "sqlite_sequence" VALUES('auth_user',3);
INSERT INTO "sqlite_sequence" VALUES('auth_user_user_permissions',52);
COMMIT;
